nDCG,Recall,collection,count
"[0.37981, 0.30271, 0.3112]","[0.14836, 0.25774, 0.3029]",mt-rag-clapnq-elser-512-100-20240503,208
"[0.37981, 0.30271, 0.3112]","[0.14836, 0.25774, 0.3029]",all,208
